{
    "id": 0,
    "name": "Missao Recife",
    "geo_home": [
        -35.01487224299654,
        -8.369141328636199,
        0
    ],
    "bases":[
        {
            "id": 0,
            "name": "base_1",
            "geo_points": [
                [
                    -35.01489206789149,
                    -8.369035291261381,
                    0
                ],
                [
                    -35.01496565375491,
                    -8.369191911239959,
                    0
                ],
                [
                    -35.01484007951086,
                    -8.369234952639779,
                    0
                ],
                [
                    -35.01479117082891,
                    -8.369103159403677,
                    0
                ]
            ],
            "center": [
                -35.01487224299654,
                -8.369141328636199,
                0
            ]
        }
    ],
    "roi":[
        {
            "id": 0,
            "name": "region_1",
            "geo_points": [
                [
                    -35.01659016614054,
                    -8.367631422269206,
                    0
                ],
                [
                    -35.01612451922234,
                    -8.367688538118736,
                    0
                ],
                [
                    -35.0165141150021,
                    -8.367152724325852,
                    0
                ]
            ],
            "center": [
                -35.01640960012166,
                -8.367490894904598,
                0
            ]
        }
    ],
    "nfz": [
        {
            "id": 1,
            "name": "nfz_1",
            "geo_points": [
                [
                    -35.01573856198793,
                    -8.367624041814452,
                    0
                ],
                [
                    -35.01596540572163,
                    -8.368071686513378,
                    0
                ],
                [
                    -35.01551206757708,
                    -8.368372190556716,
                    0
                ],
                [
                    -35.01520410522814,
                    -8.367886176520717,
                    0
                ]
            ],
            "center": [
                -35.015605035128695,
                -8.367988523851316,
                0
            ]
        },
        {
            "id": 2,
            "name": "nfz_2",
            "geo_points": [
                [
                    -35.01604761922115,
                    -8.36975792739109,
                    0
                ],
                [
                    -35.01498834767056,
                    -8.367898197699008,
                    0
                ],
                [
                    -35.01532130985525,
                    -8.367659540048111,
                    0
                ],
                [
                    -35.01635985729554,
                    -8.369565236217841,
                    0
                ]
            ],
            "center": [
                -35.015679283510625,
                -8.368720225339012,
                0
            ]
        }
    ],
    "plumes": [
        {
            "id": 0,
            "name": "plume_1",
            "focus": [
                -35.01640960012166,
                -8.367490894904598,
                0
            ],
            "plume_length": 150.0,
            "plume_angle": 30.0,
            "plume_direction": [1.0, 1.0]
        }
    ]
}