{
    "id": 0,
    "name": "Missao Recife",
    "geo_home": [
        -35.014375441995696,
        -8.368936009367731,
        0
    ],
    "bases":[
        {
            "id": 0,
            "name": "base_1",
            "geo_points": [
                [
                    -35.014425,
                    -8.368886,
                    0
                ],
                [
                    -35.014325,
                    -8.368886,
                    0
                ],
                [
                    -35.014325,
                    -8.368986,
                    0
                ],
                [
                    -35.014425,
                    -8.368986,
                    0
                ]
            ],
            "center": [
                -35.014375,
                -8.368936,
                0
            ]
        }
    ],
    "roi":[
        {
            "id": 0,
            "name": "region_1",
            "geo_points": [
                [
                    -35.01659016614054,
                    -8.367631422269206,
                    0
                ],
                [
                    -35.01612451922234,
                    -8.367688538118736,
                    0
                ],
                [
                    -35.0165141150021,
                    -8.367152724325852,
                    0
                ]
            ],
            "center": [
                -35.01640960012166,
                -8.367490894904598,
                0
            ]
        }
    ],
    "nfz": [
        {
            "id": 1,
            "name": "nfz_1",
            "geo_points": [
                [
                    -35.01573856198793,
                    -8.367624041814452,
                    0
                ],
                [
                    -35.01596540572163,
                    -8.368071686513378,
                    0
                ],
                [
                    -35.01551206757708,
                    -8.368372190556716,
                    0
                ],
                [
                    -35.01520410522814,
                    -8.367886176520717,
                    0
                ]
            ],
            "center": [
                -35.015605035128695,
                -8.367988523851316,
                0
            ]
        }
    ]
}